timestamp,model_name,temperature,task_id,domain,result
2025-08-28 17:52:24,gemma3:270m,0.1,UPD-SYN-002-MULTI,Do-file Syntax,Incorrect
2025-08-28 17:52:25,gemma3:270m,0.1,UPD-SYN-003-MULTI,Naming Conventions,Incorrect
2025-08-28 17:52:26,gemma3:270m,0.1,UPD-SYN-004-MULTI,Macros,Incorrect
2025-08-28 17:52:27,gemma3:270m,0.1,UPD-SYN-005-MULTI,Loops,Incorrect
2025-08-28 17:52:28,gemma3:270m,0.1,UPD-SYN-006-MULTI,Wildcards,Incorrect
2025-08-28 17:52:29,gemma3:270m,0.1,UPD-DM-001-MULTI,Memory Management,Incorrect
2025-08-28 17:52:30,gemma3:270m,0.1,UPD-DM-002-MULTI,Combining Datasets,Incorrect
2025-08-28 17:52:32,gemma3:270m,0.1,UPD-DM-003-MULTI,Data Import,Correct
2025-08-28 17:52:33,gemma3:270m,0.1,UPD-DM-004-MULTI,Merging Datasets,Incorrect
2025-08-28 17:52:34,gemma3:270m,0.1,UPD-DM-005-MULTI,Reshape Operations,Incorrect
2025-08-28 17:52:35,gemma3:270m,0.1,UPD-DM-006-MULTI,Preserve/Restore,Incorrect
2025-08-28 17:52:36,gemma3:270m,0.1,UPD-MANIP-001-MULTI,Date and Time Variables,Correct
2025-08-28 17:52:37,gemma3:270m,0.1,UPD-MANIP-002-MULTI,String Conversion,Incorrect
2025-08-28 17:52:39,gemma3:270m,0.1,UPD-MANIP-003-MULTI,Categorical Variables,Correct
2025-08-28 17:52:40,gemma3:270m,0.1,UPD-MANIP-004-MULTI,egen Functions,Incorrect
2025-08-28 17:52:41,gemma3:270m,0.1,UPD-MANIP-005-MULTI,Factor Variables,Correct
2025-08-28 17:52:42,gemma3:270m,0.1,UPD-MANIP-006-MULTI,System Variables,Correct
2025-08-28 17:52:43,gemma3:270m,0.1,UPD-ANALYSIS-001-MULTI,Postestimation Commands,Incorrect
2025-08-28 17:52:44,gemma3:270m,0.1,UPD-ANALYSIS-002-MULTI,Hypothesis Testing,Incorrect
2025-08-28 17:52:45,gemma3:270m,0.1,UPD-ANALYSIS-003-MULTI,Estimation Workflow,Incorrect
2025-08-28 17:52:46,gemma3:270m,0.1,UPD-ANALYSIS-004-MULTI,Panel Data,Correct
2025-08-28 17:52:48,gemma3:270m,0.1,UPD-ANALYSIS-005-MULTI,Robust Standard Errors,Incorrect
2025-08-28 17:52:49,gemma3:270m,0.1,UPD-ANALYSIS-006-MULTI,Margins,Incorrect
2025-08-28 17:52:50,gemma3:270m,0.1,UPD-PLOT-001-MULTI,Scatter Plots,Incorrect
2025-08-28 17:52:51,gemma3:270m,0.1,UPD-PLOT-002-MULTI,Postestimation Graphing,Incorrect
2025-08-28 17:52:52,gemma3:270m,0.1,UPD-PLOT-003-MULTI,Saving Graphs,Incorrect
2025-08-28 17:53:10,deepseek-chat,0.1,UPD-SYN-001-MULTI,Operators,Correct
2025-08-28 17:53:15,deepseek-chat,0.1,UPD-SYN-002-MULTI,Do-file Syntax,Correct
2025-08-28 17:53:20,deepseek-chat,0.1,UPD-SYN-003-MULTI,Naming Conventions,Incorrect
2025-08-28 17:53:24,deepseek-chat,0.1,UPD-SYN-004-MULTI,Macros,Correct
2025-08-28 17:53:28,deepseek-chat,0.1,UPD-SYN-005-MULTI,Loops,Correct
2025-08-28 17:53:32,deepseek-chat,0.1,UPD-SYN-006-MULTI,Wildcards,Correct
2025-08-28 17:53:37,deepseek-chat,0.1,UPD-DM-001-MULTI,Memory Management,Correct
2025-08-28 17:53:41,deepseek-chat,0.1,UPD-DM-002-MULTI,Combining Datasets,Correct
2025-08-28 17:53:46,deepseek-chat,0.1,UPD-DM-003-MULTI,Data Import,Correct
2025-08-28 17:53:50,deepseek-chat,0.1,UPD-DM-004-MULTI,Merging Datasets,Correct
2025-08-28 17:53:55,deepseek-chat,0.1,UPD-DM-005-MULTI,Reshape Operations,Correct
2025-08-28 17:53:59,deepseek-chat,0.1,UPD-DM-006-MULTI,Preserve/Restore,Correct
2025-08-28 17:54:04,deepseek-chat,0.1,UPD-MANIP-001-MULTI,Date and Time Variables,Correct
2025-08-28 17:54:08,deepseek-chat,0.1,UPD-MANIP-002-MULTI,String Conversion,Correct
2025-08-28 17:54:13,deepseek-chat,0.1,UPD-MANIP-003-MULTI,Categorical Variables,Correct
2025-08-28 17:54:17,deepseek-chat,0.1,UPD-MANIP-004-MULTI,egen Functions,Correct
2025-08-28 17:54:22,deepseek-chat,0.1,UPD-MANIP-005-MULTI,Factor Variables,Correct
2025-08-28 17:54:27,deepseek-chat,0.1,UPD-MANIP-006-MULTI,System Variables,Correct
2025-08-28 17:54:32,deepseek-chat,0.1,UPD-ANALYSIS-001-MULTI,Postestimation Commands,Correct
2025-08-28 17:54:36,deepseek-chat,0.1,UPD-ANALYSIS-002-MULTI,Hypothesis Testing,Correct
2025-08-28 17:54:41,deepseek-chat,0.1,UPD-ANALYSIS-003-MULTI,Estimation Workflow,Incorrect
2025-08-28 17:54:45,deepseek-chat,0.1,UPD-ANALYSIS-004-MULTI,Panel Data,Correct
2025-08-28 17:54:50,deepseek-chat,0.1,UPD-ANALYSIS-005-MULTI,Robust Standard Errors,Correct
2025-08-28 17:54:54,deepseek-chat,0.1,UPD-ANALYSIS-006-MULTI,Margins,Correct
2025-08-28 17:54:59,deepseek-chat,0.1,UPD-PLOT-001-MULTI,Scatter Plots,Correct
2025-08-28 17:55:03,deepseek-chat,0.1,UPD-PLOT-002-MULTI,Postestimation Graphing,Correct
2025-08-28 17:55:07,deepseek-chat,0.1,UPD-PLOT-003-MULTI,Saving Graphs,Correct
2025-08-28 17:55:48,gpt-oss:20b,0.1,UPD-SYN-001-MULTI,Operators,Correct
2025-08-28 17:56:00,gpt-oss:20b,0.1,UPD-SYN-002-MULTI,Do-file Syntax,Correct
2025-08-28 17:56:07,gpt-oss:20b,0.1,UPD-SYN-003-MULTI,Naming Conventions,Incorrect
2025-08-28 17:56:10,gpt-oss:20b,0.1,UPD-SYN-004-MULTI,Macros,Correct
2025-08-28 17:56:19,gpt-oss:20b,0.1,UPD-SYN-005-MULTI,Loops,Correct
2025-08-28 17:56:25,gpt-oss:20b,0.1,UPD-SYN-006-MULTI,Wildcards,Correct
2025-08-28 17:56:29,gpt-oss:20b,0.1,UPD-DM-001-MULTI,Memory Management,Correct
2025-08-28 17:56:32,gpt-oss:20b,0.1,UPD-DM-002-MULTI,Combining Datasets,Correct
2025-08-28 17:56:35,gpt-oss:20b,0.1,UPD-DM-003-MULTI,Data Import,Correct
2025-08-28 17:56:42,gpt-oss:20b,0.1,UPD-DM-004-MULTI,Merging Datasets,Correct
2025-08-28 17:56:45,gpt-oss:20b,0.1,UPD-DM-005-MULTI,Reshape Operations,Correct
2025-08-28 17:56:50,gpt-oss:20b,0.1,UPD-DM-006-MULTI,Preserve/Restore,Correct
2025-08-28 17:56:54,gpt-oss:20b,0.1,UPD-MANIP-001-MULTI,Date and Time Variables,Correct
2025-08-28 17:56:57,gpt-oss:20b,0.1,UPD-MANIP-002-MULTI,String Conversion,Correct
2025-08-28 17:57:00,gpt-oss:20b,0.1,UPD-MANIP-003-MULTI,Categorical Variables,Correct
2025-08-28 17:57:03,gpt-oss:20b,0.1,UPD-MANIP-004-MULTI,egen Functions,Correct
2025-08-28 17:57:06,gpt-oss:20b,0.1,UPD-MANIP-005-MULTI,Factor Variables,Correct
2025-08-28 17:57:10,gpt-oss:20b,0.1,UPD-MANIP-006-MULTI,System Variables,Correct
2025-08-28 17:57:13,gpt-oss:20b,0.1,UPD-ANALYSIS-001-MULTI,Postestimation Commands,Correct
2025-08-28 17:57:17,gpt-oss:20b,0.1,UPD-ANALYSIS-002-MULTI,Hypothesis Testing,Correct
2025-08-28 17:57:22,gpt-oss:20b,0.1,UPD-ANALYSIS-003-MULTI,Estimation Workflow,Incorrect
2025-08-28 17:57:25,gpt-oss:20b,0.1,UPD-ANALYSIS-004-MULTI,Panel Data,Correct
2025-08-28 17:57:28,gpt-oss:20b,0.1,UPD-ANALYSIS-005-MULTI,Robust Standard Errors,Correct
2025-08-28 17:57:34,gpt-oss:20b,0.1,UPD-ANALYSIS-006-MULTI,Margins,Correct
2025-08-28 17:57:37,gpt-oss:20b,0.1,UPD-PLOT-001-MULTI,Scatter Plots,Correct
2025-08-28 17:57:39,gpt-oss:20b,0.1,UPD-PLOT-002-MULTI,Postestimation Graphing,Correct
2025-08-28 17:57:44,gpt-oss:20b,0.1,UPD-PLOT-003-MULTI,Saving Graphs,Correct
2025-08-28 17:58:03,gemma3:4b,0.1,UPD-SYN-001-MULTI,Operators,Correct
2025-08-28 17:58:04,gemma3:4b,0.1,UPD-SYN-002-MULTI,Do-file Syntax,Incorrect
2025-08-28 17:58:06,gemma3:4b,0.1,UPD-SYN-003-MULTI,Naming Conventions,Incorrect
2025-08-28 17:58:08,gemma3:4b,0.1,UPD-SYN-004-MULTI,Macros,Correct
2025-08-28 17:58:09,gemma3:4b,0.1,UPD-SYN-005-MULTI,Loops,Incorrect
2025-08-28 17:58:11,gemma3:4b,0.1,UPD-SYN-006-MULTI,Wildcards,Correct
2025-08-28 17:58:12,gemma3:4b,0.1,UPD-DM-001-MULTI,Memory Management,Correct
2025-08-28 17:58:13,gemma3:4b,0.1,UPD-DM-002-MULTI,Combining Datasets,Correct
2025-08-28 17:58:15,gemma3:4b,0.1,UPD-DM-003-MULTI,Data Import,Correct
2025-08-28 17:58:17,gemma3:4b,0.1,UPD-DM-004-MULTI,Merging Datasets,Correct
2025-08-28 17:58:18,gemma3:4b,0.1,UPD-DM-005-MULTI,Reshape Operations,Incorrect
2025-08-28 17:58:20,gemma3:4b,0.1,UPD-DM-006-MULTI,Preserve/Restore,Correct
2025-08-28 17:58:21,gemma3:4b,0.1,UPD-MANIP-001-MULTI,Date and Time Variables,Incorrect
2025-08-28 17:58:23,gemma3:4b,0.1,UPD-MANIP-002-MULTI,String Conversion,Correct
2025-08-28 17:58:24,gemma3:4b,0.1,UPD-MANIP-003-MULTI,Categorical Variables,Incorrect
2025-08-28 17:58:26,gemma3:4b,0.1,UPD-MANIP-004-MULTI,egen Functions,Correct
2025-08-28 17:58:27,gemma3:4b,0.1,UPD-MANIP-005-MULTI,Factor Variables,Correct
2025-08-28 17:58:29,gemma3:4b,0.1,UPD-MANIP-006-MULTI,System Variables,Correct
2025-08-28 17:58:30,gemma3:4b,0.1,UPD-ANALYSIS-001-MULTI,Postestimation Commands,Correct
2025-08-28 17:58:32,gemma3:4b,0.1,UPD-ANALYSIS-002-MULTI,Hypothesis Testing,Correct
2025-08-28 17:58:33,gemma3:4b,0.1,UPD-ANALYSIS-003-MULTI,Estimation Workflow,Incorrect
2025-08-28 17:58:35,gemma3:4b,0.1,UPD-ANALYSIS-004-MULTI,Panel Data,Correct
2025-08-28 17:58:36,gemma3:4b,0.1,UPD-ANALYSIS-005-MULTI,Robust Standard Errors,Incorrect
2025-08-28 17:58:38,gemma3:4b,0.1,UPD-ANALYSIS-006-MULTI,Margins,Correct
2025-08-28 17:58:39,gemma3:4b,0.1,UPD-PLOT-001-MULTI,Scatter Plots,Correct
2025-08-28 17:58:41,gemma3:4b,0.1,UPD-PLOT-002-MULTI,Postestimation Graphing,Correct
2025-08-28 17:58:42,gemma3:4b,0.1,UPD-PLOT-003-MULTI,Saving Graphs,Incorrect
2025-08-28 18:03:10,gemma3:12b,0.1,UPD-SYN-001-MULTI,Operators,Correct
2025-08-28 18:03:12,gemma3:12b,0.1,UPD-SYN-002-MULTI,Do-file Syntax,Incorrect
2025-08-28 18:03:15,gemma3:12b,0.1,UPD-SYN-003-MULTI,Naming Conventions,Incorrect
2025-08-28 18:03:17,gemma3:12b,0.1,UPD-SYN-004-MULTI,Macros,Incorrect
2025-08-28 18:03:19,gemma3:12b,0.1,UPD-SYN-005-MULTI,Loops,Incorrect
2025-08-28 18:03:21,gemma3:12b,0.1,UPD-SYN-006-MULTI,Wildcards,Correct
2025-08-28 18:03:24,gemma3:12b,0.1,UPD-DM-001-MULTI,Memory Management,Incorrect
2025-08-28 18:03:26,gemma3:12b,0.1,UPD-DM-002-MULTI,Combining Datasets,Correct
2025-08-28 18:03:28,gemma3:12b,0.1,UPD-DM-003-MULTI,Data Import,Correct
2025-08-28 18:03:30,gemma3:12b,0.1,UPD-DM-004-MULTI,Merging Datasets,Correct
2025-08-28 18:03:32,gemma3:12b,0.1,UPD-DM-005-MULTI,Reshape Operations,Correct
2025-08-28 18:03:34,gemma3:12b,0.1,UPD-DM-006-MULTI,Preserve/Restore,Correct
2025-08-28 18:03:37,gemma3:12b,0.1,UPD-MANIP-001-MULTI,Date and Time Variables,Correct
2025-08-28 18:03:39,gemma3:12b,0.1,UPD-MANIP-002-MULTI,String Conversion,Correct
2025-08-28 18:03:41,gemma3:12b,0.1,UPD-MANIP-003-MULTI,Categorical Variables,Correct
2025-08-28 18:03:43,gemma3:12b,0.1,UPD-MANIP-004-MULTI,egen Functions,Correct
2025-08-28 18:03:45,gemma3:12b,0.1,UPD-MANIP-005-MULTI,Factor Variables,Correct
2025-08-28 18:03:48,gemma3:12b,0.1,UPD-MANIP-006-MULTI,System Variables,Correct
2025-08-28 18:03:50,gemma3:12b,0.1,UPD-ANALYSIS-001-MULTI,Postestimation Commands,Correct
2025-08-28 18:03:52,gemma3:12b,0.1,UPD-ANALYSIS-002-MULTI,Hypothesis Testing,Correct
2025-08-28 18:03:54,gemma3:12b,0.1,UPD-ANALYSIS-003-MULTI,Estimation Workflow,Incorrect
2025-08-28 18:03:56,gemma3:12b,0.1,UPD-ANALYSIS-004-MULTI,Panel Data,Correct
2025-08-28 18:03:58,gemma3:12b,0.1,UPD-ANALYSIS-005-MULTI,Robust Standard Errors,Correct
2025-08-28 18:04:00,gemma3:12b,0.1,UPD-ANALYSIS-006-MULTI,Margins,Correct
2025-08-28 18:04:02,gemma3:12b,0.1,UPD-PLOT-001-MULTI,Scatter Plots,Correct
2025-08-28 18:04:04,gemma3:12b,0.1,UPD-PLOT-002-MULTI,Postestimation Graphing,Correct
2025-08-28 18:04:06,gemma3:12b,0.1,UPD-PLOT-003-MULTI,Saving Graphs,Correct
